,Country Code,region,Variant,Location,1950-1955,1955-1960,1960-1965,1965-1970,1970-1975,1975-1980,1980-1985,1985-1990,1990-1995,1995-2000,2000-2005,2005-2010,2010-2015
0,4,Asia,Estimates,Afghanistan,7.45,7.45,7.45,7.45,7.45,7.45,7.45,7.4689,7.482,7.6537,7.1816,6.3712,5.2552
1,8,Europe,Estimates,Albania,6.23,6.5462,6.23,5.259,4.6001,3.9,3.409,3.15,2.786,2.3841,1.9465,1.64,1.7135
2,12,Africa,Estimates,Algeria,7.278,7.384,7.648,7.648,7.572,7.175,6.315,5.302,4.12,2.885,2.3843,2.724,2.96
3,24,Africa,Estimates,Angola,7.3,7.35,7.6,7.6,7.6,7.6,7.4,7.35,7.1,6.75,6.55,6.35,5.95
4,28,Americas,Estimates,Antigua and Barbuda,4.5,4.5,4.3,4.0,3.2617,2.2357,2.1392,2.0708,2.0938,2.3125,2.2714,2.1694,2.0963
5,32,Americas,Estimates,Argentina,3.154,3.1265,3.0895,3.049,3.1455,3.44,3.15,3.053,2.9,2.63,2.515,2.4,2.345
6,51,Asia,Estimates,Armenia,4.494,4.9,4.453,3.447,3.037,2.6,2.5,2.6,2.38,1.75,1.65,1.72,1.65
7,533,Americas,Estimates,Aruba,5.65,5.15,4.399,3.301,2.651,2.45,2.358,2.3,2.1739,1.9531,1.8162,1.76,1.8
8,36,Oceania,Estimates,Australia,3.18,3.406,3.274,2.871,2.535,1.989,1.91,1.859,1.8628,1.7866,1.7739,1.9525,1.885
9,40,Europe,Estimates,Austria,2.1046,2.5652,2.7777,2.5689,2.0369,1.6513,1.5957,1.448,1.4837,1.3879,1.3796,1.3993,1.4488
10,31,Asia,Estimates,Azerbaijan,5.2,5.6,6.0,5.4,4.6,3.8,3.3,3.2,2.9,2.25,1.9,1.83,2.1
11,44,Americas,Estimates,Bahamas,4.05,4.31,4.5,3.5756,3.5367,2.9547,3.0503,2.6498,2.6376,2.3275,1.8653,1.9076,1.81
12,48,Asia,Estimates,Bahrain,6.97,6.97,7.17,6.97,5.95,5.23,4.63,4.08,3.4,2.95,2.65,2.25,2.12
13,50,Asia,Estimates,Bangladesh,6.359,6.6225,6.804,6.9206,6.9098,6.6301,5.9773,4.9834,4.0603,3.4325,2.9364,2.4811,2.2208
14,52,Americas,Estimates,Barbados,4.417,4.2969,4.2731,3.5328,2.7176,2.1568,1.9181,1.7744,1.73,1.74,1.75,1.77,1.79
15,112,Europe,Estimates,Belarus,2.61,2.73,2.59,2.28,2.25,2.09,2.088,2.0754,1.6769,1.3113,1.2551,1.4268,1.64
16,56,Europe,Estimates,Belgium,2.365,2.496,2.6466,2.3881,2.0143,1.7049,1.5959,1.56,1.6119,1.6041,1.6836,1.821,1.7807
17,84,Americas,Estimates,Belize,6.65,6.55,6.45,6.35,6.25,6.2,5.4,4.7,4.347,3.85,3.35,2.84,2.64
18,204,Africa,Estimates,Benin,5.857,6.1341,6.4228,6.6491,6.8349,6.9952,7.0087,6.8818,6.5629,6.1566,5.7841,5.4949,5.2202
19,64,Asia,Estimates,Bhutan,6.67,6.67,6.67,6.67,6.67,6.67,6.3885,6.1064,5.0703,4.1287,3.1436,2.6187,2.2
20,68,Americas,Estimates,Bolivia (Plurinational State of),6.89,6.772,6.614,6.409,6.15,5.89,5.514,5.085,4.7039,4.2892,3.8184,3.3907,3.0424
21,70,Europe,Estimates,Bosnia and Herzegovina,4.82,3.97,3.683,3.1372,2.7332,2.27,2.02,1.861,1.703,1.68,1.318,1.312,1.314
22,72,Africa,Estimates,Botswana,6.5,6.575,6.65,6.7,6.55,6.35,5.95,4.9,4.25,3.675,3.15,2.9,2.875
23,76,Americas,Estimates,Brazil,6.1,6.05,6.0,5.37,4.68,4.28,3.82,3.16,2.72,2.47,2.13,1.86,1.78
24,96,Asia,Estimates,Brunei Darussalam,6.8958,6.8912,6.6631,5.8985,5.4949,4.4501,3.7903,3.4679,3.0786,2.5076,1.9886,1.8,1.9
25,100,Europe,Estimates,Bulgaria,2.5264,2.2969,2.2171,2.1304,2.1573,2.1927,2.0149,1.9458,1.5527,1.2008,1.2404,1.45,1.506
26,854,Africa,Estimates,Burkina Faso,6.1035,6.243,6.35,6.5627,6.7,7.0182,7.1722,7.0658,6.932,6.7293,6.4306,6.0789,5.6462
27,108,Africa,Estimates,Burundi,6.801,6.857,7.071,7.268,7.3,7.436,7.4,7.55,7.4,7.15,6.85,6.5,6.0
28,132,Africa,Estimates,Cabo Verde,6.5663,6.764,6.9728,6.9654,6.8639,6.615,6.1,5.6344,4.9303,4.1449,3.4183,2.887,2.497
29,116,Asia,Estimates,Cambodia,6.947,6.947,6.947,6.7034,6.16,5.421,6.37,5.9896,5.1276,4.25,3.44,3.0813,2.7
30,120,Africa,Estimates,Cameroon,5.489,5.527,5.805,6.085,6.307,6.5,6.702,6.598,6.217,5.75,5.45,5.25,4.95
31,124,Americas,Estimates,Canada,3.645,3.882,3.675,2.61,1.976,1.734,1.634,1.616,1.694,1.562,1.516,1.636,1.61
32,140,Africa,Estimates,Central African Republic,5.516,5.75,5.9,5.95,5.95,5.95,5.95,5.9,5.7,5.55,5.45,5.3,5.1
33,148,Africa,Estimates,Chad,6.1,6.2,6.3,6.4,6.671,6.874,7.037,7.212,7.388,7.407,7.237,6.853,6.31
34,152,Americas,Estimates,Chile,5.1461,5.1664,4.9521,4.442,3.5774,2.9461,2.6992,2.6424,2.4271,2.2054,2.0293,1.944,1.8199
35,156,Asia,Estimates,China,6.025,5.4,6.2,6.25,4.77,3.0,2.55,2.725,1.895,1.51,1.55,1.58,1.6
36,170,Americas,Estimates,Colombia,6.76,6.76,6.76,6.181,4.9005,4.2532,3.7,3.1752,2.842,2.5,2.3,2.1,1.9339
37,174,Africa,Estimates,Comoros,6.0,6.601,6.909,7.05,7.05,7.05,7.05,6.7,6.1,5.6,5.2,4.9,4.6
38,178,Africa,Estimates,Congo,5.684,5.786,5.989,6.192,6.35,6.35,6.0,5.547,5.207,5.125,5.07,5.0,4.86
39,180,Africa,Estimates,Democratic Republic of the Congo,5.98,5.98,6.04,6.15,6.289,6.462,6.5975,6.7069,6.7689,6.77,6.7167,6.6334,6.4
40,188,Americas,Estimates,Costa Rica,5.9462,6.3916,6.28,5.2603,4.0588,3.704,3.5009,3.3066,3.0069,2.6139,2.1674,2.0074,1.8507
41,384,Africa,Estimates,Côte d'Ivoire,7.4513,7.6194,7.7585,7.9037,7.9261,7.8123,7.3125,6.85,6.41,6.05,5.68,5.3975,5.1357
42,191,Europe,Estimates,Croatia,2.73,2.38,2.218,2.003,1.976,1.8986,1.866,1.72,1.523,1.62,1.41,1.522,1.488
43,192,Americas,Estimates,Cuba,4.15,3.6995,4.6805,4.3,3.6,2.15,1.8495,1.8495,1.6506,1.6449,1.5903,1.577,1.7057
44,531,Americas,Estimates,Curaçao,5.07,5.1,4.399,3.8,2.87,2.45,2.25,2.3,2.28,2.121,2.0915,1.9792,2.0655
45,196,Asia,Estimates,Cyprus,3.705,3.498,3.436,2.795,2.49,2.287,2.449,2.428,2.3293,1.8891,1.591,1.48,1.38
46,203,Europe,Estimates,Czechia,2.7383,2.3765,2.2088,1.9573,2.2108,2.3588,1.966,1.9008,1.6455,1.167,1.187,1.4286,1.4789
47,208,Europe,Estimates,Denmark,2.5501,2.5468,2.5823,2.2723,1.9639,1.6816,1.4273,1.5426,1.748,1.756,1.76,1.8537,1.73
48,262,Africa,Estimates,Djibouti,6.312,6.3874,6.547,6.707,6.845,6.644,6.45,6.181,5.85,4.812,4.21,3.55,3.1
49,214,Americas,Estimates,Dominican Republic,7.5995,7.6405,7.3505,6.6495,5.6795,4.76,4.15,3.6495,3.3095,2.98,2.83,2.67,2.5262
50,218,Americas,Estimates,Ecuador,6.75,6.75,6.65,6.4,5.8001,5.05,4.45,4.0,3.55,3.2,2.884,2.7294,2.5863
51,818,Africa,Estimates,Egypt,6.75,6.75,6.65,6.45,6.0,5.7,5.49,5.15,4.12,3.405,3.15,2.981,3.381
52,222,Americas,Estimates,El Salvador,6.3616,6.5973,6.6665,6.3622,5.9472,5.4428,4.7457,4.1669,3.7818,3.3395,2.7225,2.3952,2.17
53,226,Africa,Estimates,Equatorial Guinea,5.666,5.6526,5.6731,5.7928,5.8037,5.7921,5.8925,5.9823,5.9703,5.9361,5.692,5.4005,4.9942
54,232,Africa,Estimates,Eritrea,6.965,6.965,6.815,6.699,6.62,6.62,6.7,6.51,6.2,5.6,5.1,4.8,4.4
55,233,Europe,Estimates,Estonia,2.06,1.99,1.94,2.02,2.15,2.06,2.09,2.199,1.627,1.331,1.391,1.662,1.5908
56,748,Africa,Estimates,Swaziland,6.7,6.7,6.75,6.849,6.866,6.733,6.5,6.0,5.2,4.45,4.0,3.75,3.3
57,231,Africa,Estimates,Ethiopia,7.1696,6.9023,6.8972,6.8691,7.1038,7.1838,7.4247,7.3673,7.0888,6.8335,6.131,5.258,4.63
58,242,Oceania,Estimates,Fiji,6.625,6.792,5.953,5.0,4.2,4.0,3.8,3.47,3.35,3.19,2.98,2.75,2.605
59,246,Europe,Estimates,Finland,2.997,2.769,2.66,2.191,1.623,1.663,1.685,1.66,1.819,1.743,1.754,1.8396,1.77
60,250,Europe,Estimates,France,2.7472,2.6894,2.8318,2.6391,2.3004,1.87,1.8653,1.805,1.7149,1.7621,1.8823,1.978,1.9821
61,254,Americas,Estimates,French Guiana,5.0,4.92,5.02,5.0,4.18,3.3,3.58,3.73,4.05,3.9265,3.724,3.6397,3.4543
62,258,Oceania,Estimates,French Polynesia,6.0,5.861,5.4381,5.199,4.8575,4.229,3.815,3.6447,3.1095,2.6133,2.3608,2.1673,2.0708
63,266,Africa,Estimates,Gabon,3.987,4.201,4.587,4.933,5.228,5.572,5.721,5.577,5.217,4.766,4.35,4.15,4.0
64,270,Africa,Estimates,Gambia,5.2875,5.4639,5.6969,5.9633,6.2023,6.3384,6.2918,6.1417,6.0808,5.9907,5.8961,5.7649,5.6226
65,268,Asia,Estimates,Georgia,2.75,2.909,2.93,2.8,2.601,2.39,2.269,2.263,2.05,1.72,1.58,1.8,2.0
66,276,Europe,Estimates,Germany,2.128,2.274,2.4736,2.3605,1.7084,1.508,1.4637,1.4295,1.3007,1.3456,1.3513,1.3623,1.427
67,288,Africa,Estimates,Ghana,6.442,6.6391,6.8436,6.9514,6.8975,6.6878,6.3494,5.8817,5.3426,5.0189,4.6428,4.3653,4.1803
68,300,Europe,Estimates,Greece,2.4795,2.4194,2.2895,2.5528,2.5288,2.42,2.06,1.58,1.42,1.346,1.331,1.4597,1.3434
69,308,Americas,Estimates,Grenada,5.8,6.7,6.4,4.8,4.6,4.3,4.23,4.14,3.46,2.8144,2.4289,2.3023,2.1826
70,312,Americas,Estimates,Guadeloupe,5.61,5.61,5.61,5.22,4.49,3.52,2.55,2.45,2.097,2.1,2.0796,2.06,1.9964
71,316,Oceania,Estimates,Guam,5.527,5.828,6.03,4.724,4.12,3.516,3.08,3.139,2.88,2.88,2.74,2.539,2.4192
72,320,Americas,Estimates,Guatemala,7.1196,6.9947,6.8,6.7,6.58,6.46,6.1561,5.5769,5.3107,4.8288,4.3321,3.6213,3.1923
73,324,Africa,Estimates,Guinea,6.0,6.0742,6.1483,6.1788,6.2912,6.4513,6.589,6.6321,6.5137,6.2354,5.9118,5.535,5.1345
74,624,Africa,Estimates,Guinea-Bissau,5.9,5.9,5.95,6.0,6.1,6.25,6.6982,6.6834,6.5,6.0471,5.6,5.2,4.9
75,328,Americas,Estimates,Guyana,6.0421,6.4545,6.15,5.6967,4.9912,4.0569,3.6425,3.1262,3.0847,3.0549,2.9498,2.726,2.5988
76,332,Americas,Estimates,Haiti,6.3,6.3,6.3,6.0,5.6005,5.8,6.2099,5.6998,5.1499,4.6192,3.9984,3.5476,3.1299
77,340,Americas,Estimates,Honduras,7.497,7.497,7.418,7.421,7.05,6.6,5.9995,5.37,4.916,4.344,3.7595,3.15,2.65
78,344,Asia,Estimates,"China, Hong Kong SAR",4.44,4.72,5.05,3.645,3.01,2.23,1.715,1.3562,1.26,1.06,0.95,1.0362,1.2045
79,348,Europe,Estimates,Hungary,2.686,2.3178,1.81,1.9776,2.0416,2.25,1.8075,1.8222,1.7402,1.3784,1.295,1.3288,1.3318
80,352,Europe,Estimates,Iceland,3.8624,4.1662,3.9383,3.2353,2.8679,2.4472,2.2251,2.1196,2.1908,2.0558,1.9937,2.1305,1.9838
81,356,Asia,Estimates,India,5.903,5.896,5.89,5.7226,5.4104,4.9744,4.6816,4.2656,3.833,3.4829,3.1405,2.7961,2.4383
82,360,Asia,Estimates,Indonesia,5.486,5.672,5.62,5.568,5.3,4.73,4.109,3.4,2.9,2.55,2.525,2.5,2.45
83,364,Asia,Estimates,Iran (Islamic Republic of),6.9086,6.9086,6.9086,6.6802,6.2407,6.2799,6.5339,5.62,3.95,2.634,1.9666,1.7946,1.7453
84,368,Asia,Estimates,Iraq,7.3,6.202,6.598,7.4,7.15,6.8,6.35,6.0895,5.6457,5.1882,4.655,4.55,4.55
85,372,Europe,Estimates,Ireland,3.42,3.58,4.065,3.765,3.815,3.245,2.755,2.18,1.905,1.94,1.965,1.9968,1.996
86,376,Asia,Estimates,Israel,4.277,3.8916,3.8463,3.7834,3.8069,3.4654,3.1341,3.0701,2.9333,2.9325,2.9111,2.927,3.044
87,380,Europe,Estimates,Italy,2.355,2.29,2.504,2.4989,2.3227,1.8856,1.5245,1.3497,1.2715,1.2239,1.2974,1.4169,1.4275
88,388,Americas,Estimates,Jamaica,4.22,5.08,5.64,5.78,5.0,4.0,3.55,3.1,2.84,2.7,2.45,2.28,2.08
89,392,Asia,Estimates,Japan,2.96,2.17,2.03,2.04,2.134,1.831,1.762,1.65,1.476,1.369,1.298,1.3388,1.4087
90,400,Asia,Estimates,Jordan,7.38,7.38,7.995,7.995,7.79,7.38,7.0485,6.0232,5.0,4.3,3.8525,3.7,3.6
91,398,Asia,Estimates,Kazakhstan,4.406,4.555,4.431,3.671,3.607,3.2334,3.0442,3.033,2.55,2.0,2.006,2.5406,2.7
92,404,Africa,Estimates,Kenya,7.481,7.785,8.065,8.11,7.99,7.64,7.216,6.538,5.65,5.35,5.0,4.65,4.1
93,296,Oceania,Estimates,Kiribati,6.1,6.6,6.7808,6.0397,4.9973,5.1,5.0,4.8,4.553,4.198,3.96,3.88,3.7875
94,408,Asia,Estimates,Dem. People's Republic of Korea,3.462,5.117,3.8501,4.388,4.001,2.85,2.801,2.358,2.25,2.01,2.0,1.999,1.95
95,410,Asia,Estimates,Republic of Korea,5.653,6.332,5.6,4.65,4.002,2.919,2.234,1.567,1.6764,1.5005,1.2137,1.173,1.2331
96,414,Asia,Estimates,Kuwait,7.2,7.2,7.3,7.4,6.75,5.6,5.0,3.65,2.55,3.0,2.6,2.4,2.05
97,417,Asia,Estimates,Kyrgyzstan,4.3607,5.1993,5.5534,5.2072,5.1166,4.5921,4.1969,4.0584,3.6377,2.9582,2.5,2.78,3.1167
98,418,Asia,Estimates,Lao People's Democratic Republic,5.9432,5.9552,5.9673,5.9794,5.9915,6.1535,6.3601,6.2668,5.8833,4.8064,3.9,3.4,2.93
99,428,Europe,Estimates,Latvia,2.0,1.95,1.8753,1.84,2.0,1.8894,2.0293,2.16,1.6322,1.1722,1.2856,1.4926,1.4972
100,422,Asia,Estimates,Lebanon,5.74,5.72,5.689,5.2312,4.6654,4.2337,3.7477,3.2258,2.8012,2.434,2.0101,1.5754,1.7168
101,426,Africa,Estimates,Lesotho,5.84,5.861,5.811,5.8,5.8,5.686,5.459,5.135,4.701,4.373,3.793,3.373,3.26
102,430,Africa,Estimates,Liberia,6.2714,6.3502,6.4695,6.5923,6.7989,6.9317,6.9555,6.7229,6.274,6.0481,5.6793,5.2287,4.8323
103,434,Africa,Estimates,Libya,7.1434,7.2,7.3,7.992,8.1,7.668,6.6806,5.712,4.215,3.2,2.64,2.43,2.4
104,440,Europe,Estimates,Lithuania,2.84,2.66,2.4272,2.3028,2.303,2.1042,2.0385,2.0554,1.816,1.4716,1.2782,1.4174,1.594
105,442,Europe,Estimates,Luxembourg,1.98,2.23,2.395,2.192,1.722,1.486,1.465,1.469,1.663,1.7213,1.654,1.6206,1.5462
106,446,Asia,Estimates,"China, Macao SAR",4.3858,4.81,4.4077,2.7367,1.793,1.4079,2.06,2.0,1.405,1.116,0.8252,0.9379,1.1923
107,450,Africa,Estimates,Madagascar,7.3,7.3,7.3,7.3,7.2,6.95,6.5,6.25,6.1,5.801,5.278,4.83,4.4
108,454,Africa,Estimates,Malawi,6.85,6.9,7.0037,7.2038,7.4019,7.6,7.6,7.25,6.6,6.3,6.0,5.725,4.875
109,458,Asia,Estimates,Malaysia,6.3487,6.3791,6.365,5.3817,4.715,4.2024,3.9682,3.6666,3.4362,3.1251,2.4545,2.216,2.1059
110,462,Asia,Estimates,Maldives,6.0299,6.8135,7.1197,7.2226,7.1698,6.8547,7.2575,6.6645,5.1593,3.5197,2.5733,2.2573,2.2228
111,466,Africa,Estimates,Mali,6.95,6.95,7.0,7.1,7.15,7.15,7.15,7.15,7.15,6.95,6.85,6.7,6.35
112,470,Europe,Estimates,Malta,4.136,3.8,3.1495,2.1161,2.0058,2.1176,1.944,2.0292,1.9927,1.8832,1.4699,1.3856,1.4143
113,474,Americas,Estimates,Martinique,5.71,5.71,5.45,5.0,4.08,2.65,2.14,2.14,1.962,1.9,1.924,2.057,1.9525
114,478,Africa,Estimates,Mauritania,6.3378,6.7053,6.7863,6.7896,6.7498,6.5726,6.3386,6.1491,5.9134,5.6073,5.309,5.0734,4.8816
115,480,Africa,Estimates,Mauritius,5.895,5.895,6.195,4.61,3.466,3.105,2.3015,2.3118,2.2465,2.0332,1.9335,1.698,1.4859
116,175,Africa,Estimates,Mayotte,7.91,7.91,7.91,7.91,7.91,7.91,7.3504,6.727,5.25,5.08,4.8,4.6,4.1
117,484,Americas,Estimates,Mexico,6.75,6.78,6.75,6.75,6.71,5.4,4.37,3.75,3.23,2.85,2.61,2.4,2.29
118,583,Oceania,Estimates,Micronesia (Fed. States of),7.2,7.0,6.9,6.9,6.9,6.4,6.0,5.2,4.7932,4.5275,4.05,3.622,3.3255
119,498,Europe,Estimates,Republic of Moldova,3.5,3.44,3.15,2.66,2.56,2.44,2.55,2.64,2.111,1.7,1.2378,1.2704,1.2693
120,496,Asia,Estimates,Mongolia,5.6,6.3,7.5,7.5,7.5,6.65,5.75,4.8407,3.2726,2.3957,2.0759,2.3731,2.8325
121,499,Europe,Estimates,Montenegro,4.3464,3.795,3.4168,2.89,2.6179,2.306,2.212,2.106,2.045,1.91,1.8536,1.82,1.7103
122,504,Africa,Estimates,Morocco,6.608,6.896,7.1,6.85,6.4,5.9,5.4,4.447,3.701,2.968,2.68,2.55,2.6
123,508,Africa,Estimates,Mozambique,7.0,7.0,6.9,6.85,6.8,6.55,6.4,6.3,6.1,5.85,5.8,5.65,5.45
124,104,Asia,Estimates,Myanmar,6.0,6.0,6.1,6.1,5.738,5.15,4.65,3.8,3.2,2.95,2.87,2.55,2.3
125,516,Africa,Estimates,Namibia,6.0,6.1,6.2,6.3,6.6,6.6,6.2,5.547,4.912,4.292,3.808,3.6,3.6
126,524,Asia,Estimates,Nepal,5.9588,5.9588,5.9588,5.9588,5.8662,5.7952,5.6202,5.3293,4.9701,4.4066,3.6361,2.9634,2.3178
127,528,Europe,Estimates,Netherlands,3.0524,3.0974,3.1657,2.7949,2.1001,1.5982,1.5149,1.5546,1.5923,1.5991,1.7396,1.7461,1.732
128,540,Oceania,Estimates,New Caledonia,5.2231,5.2231,5.2231,5.212,5.2028,3.9055,3.3399,3.025,2.9366,2.5763,2.32,2.28,2.24
129,554,Oceania,Estimates,New Zealand,3.688,4.07,3.85,3.348,2.843,2.178,1.9727,2.0311,2.067,1.9525,1.949,2.1418,2.0363
130,558,Americas,Estimates,Nicaragua,7.2,7.5001,7.1,6.9501,6.79,6.35,5.85,5.0,4.2,3.4,2.8445,2.5595,2.3183
131,562,Africa,Estimates,Niger,7.3,7.4,7.5,7.55,7.6,7.75,7.9,7.8,7.75,7.7,7.65,7.55,7.4
132,566,Africa,Estimates,Nigeria,6.3544,6.3544,6.3544,6.3544,6.6094,6.7629,6.7559,6.6035,6.3697,6.1703,6.0512,5.91,5.74
133,807,Europe,Estimates,TFYR Macedonia,5.0572,4.1429,3.6509,3.4437,2.8593,2.5402,2.454,2.2729,2.1215,1.8262,1.6375,1.46,1.5033
134,578,Europe,Estimates,Norway,2.602,2.837,2.898,2.8,2.35,1.81,1.687,1.8,1.886,1.862,1.8061,1.9235,1.8191
135,512,Asia,Estimates,Oman,7.252,7.252,7.252,7.3091,7.4077,8.1,8.3166,7.8479,6.2743,4.464,3.2,2.9,2.9
136,586,Asia,Estimates,Pakistan,6.6,6.6,6.6,6.6,6.6,6.6,6.444,6.2967,5.6691,4.9945,4.23,3.98,3.72
137,275,Asia,Estimates,State of Palestine,7.38,7.38,7.995,7.995,7.694,7.504,7.0491,6.7573,6.6031,5.8052,5.0155,4.602,4.25
138,591,Americas,Estimates,Panama,5.7641,5.8725,5.79,5.4142,4.8822,4.1869,3.6272,3.2383,2.92,2.8134,2.6842,2.6322,2.6002
139,598,Oceania,Estimates,Papua New Guinea,6.238,6.259,6.278,6.214,6.087,5.871,5.474,4.966,4.703,4.637,4.385,4.133,3.8376
140,600,Americas,Estimates,Paraguay,6.5,6.5,6.45,6.15,5.3505,5.2,5.12,4.77,4.3095,3.88,3.2397,2.8922,2.5988
141,604,Americas,Estimates,Peru,6.95,6.95,6.95,6.7,6.0,5.4,4.65,4.1,3.57,3.1,2.8,2.5995,2.5
142,608,Asia,Estimates,Philippines,7.4201,7.2692,6.9807,6.5392,5.9769,5.4623,4.9215,4.5271,4.1385,3.9,3.7,3.3,3.05
143,616,Europe,Estimates,Poland,3.6302,3.4698,2.72,2.3348,2.2349,2.2285,2.3135,2.1624,1.9479,1.5147,1.2587,1.374,1.3338
144,620,Europe,Estimates,Portugal,3.0988,3.1216,3.1873,3.1187,2.8332,2.5486,2.0084,1.6205,1.48,1.455,1.4513,1.3718,1.2831
145,630,Americas,Estimates,Puerto Rico,4.97,4.82,4.37,3.41,2.99,2.76,2.46,2.26,2.18,1.985,1.85,1.72,1.52
146,634,Asia,Estimates,Qatar,6.97,6.97,6.97,6.97,6.75,6.1,5.45,4.4,3.74,3.46,2.95,2.23,2.0
147,638,Africa,Estimates,Réunion,6.9294,6.5699,6.5632,5.6722,3.875,3.12,2.7765,2.713,2.405,2.3279,2.445,2.3969,2.4
148,642,Europe,Estimates,Romania,3.0596,2.735,2.1044,2.8678,2.6541,2.5457,2.2599,2.2244,1.5063,1.338,1.32,1.448,1.484
149,643,Europe,Estimates,Russian Federation,2.85,2.82,2.55,2.02,2.03,1.94,2.04,2.121,1.545,1.247,1.298,1.4389,1.6977
150,646,Africa,Estimates,Rwanda,8.0,8.15,8.2,8.2,8.284,8.432,8.375,7.8,6.554,5.9,5.4,4.85,4.2
151,662,Americas,Estimates,Saint Lucia,6.0,6.938,6.794,6.479,5.691,5.2,4.2,3.65,3.15,2.6,1.85,1.6,1.5073
152,670,Americas,Estimates,Saint Vincent and the Grenadines,7.33,7.33,7.02,6.41,5.54,4.42,3.64,3.1,2.85,2.55,2.237,2.132,2.0084
153,882,Oceania,Estimates,Samoa,7.6297,7.6297,7.6291,7.3526,6.9977,6.4889,5.9103,5.3533,4.9223,4.6203,4.4359,4.4675,4.1643
154,678,Africa,Estimates,Sao Tome and Principe,6.2,6.2,6.3,6.4,6.5155,6.495,6.2372,5.9594,5.6823,5.4106,5.1486,4.9,4.6677
155,682,Asia,Estimates,Saudi Arabia,7.175,7.175,7.257,7.257,7.298,7.278,7.015,6.217,5.55,4.4,3.65,3.225,2.725
156,686,Africa,Estimates,Senegal,6.8,6.9,7.1,7.25,7.3,7.275,7.275,6.775,6.275,5.725,5.275,5.1,5.0
157,688,Europe,Estimates,Serbia,3.22,2.57,2.51,2.43,2.36,2.37,2.32,2.23,1.96,1.8312,1.7084,1.5835,1.5915
158,690,Africa,Estimates,Seychelles,5.0,5.0,5.59,5.92,5.3819,4.2696,3.5077,2.9377,2.5734,2.178,2.2,2.3,2.38
159,694,Africa,Estimates,Sierra Leone,6.0297,6.0297,6.25,6.4135,6.565,6.6458,6.7219,6.7219,6.6858,6.4779,6.1074,5.5651,4.8418
160,702,Asia,Estimates,Singapore,6.61,6.335,5.12,3.645,2.815,1.84,1.694,1.6974,1.7307,1.5705,1.3481,1.2571,1.233
161,703,Europe,Estimates,Slovakia,3.5022,3.2427,2.911,2.541,2.5067,2.464,2.271,2.1537,1.8667,1.401,1.2205,1.317,1.39
162,705,Europe,Estimates,Slovenia,2.68,2.3833,2.3354,2.265,2.1999,2.1632,1.928,1.6517,1.3335,1.2483,1.2114,1.435,1.575
163,90,Oceania,Estimates,Solomon Islands,6.4,6.4,6.4,6.539,7.236,7.041,6.431,6.125,5.532,4.905,4.6,4.4,4.0577
164,706,Africa,Estimates,Somalia,7.25,7.25,7.25,7.25,7.1,7.0,7.071,7.258,7.531,7.698,7.465,7.102,6.6098
165,710,Africa,Estimates,South Africa,6.05,6.05,6.0,5.8,5.5,5.05,4.6,4.0,3.34,2.95,2.75,2.625,2.55
166,728,Africa,Estimates,South Sudan,6.65,6.7,6.75,6.85,6.9,6.92,6.783,6.83,6.65,6.42,6.0,5.6,5.15
167,724,Europe,Estimates,Spain,2.53,2.7,2.81,2.84,2.85,2.55,1.88,1.46,1.28,1.19,1.29,1.3944,1.3291
168,144,Asia,Estimates,Sri Lanka,5.8,5.8,5.2,4.7,4.0,3.6064,3.1894,2.644,2.3839,2.2431,2.262,2.279,2.1113
169,729,Africa,Estimates,Sudan,6.65,6.65,6.75,6.861,6.9,6.92,6.63,6.3,6.0,5.65,5.3,5.0,4.75
170,740,Americas,Estimates,Suriname,6.56,6.56,6.56,5.945,5.289,4.203,3.7,3.364,3.1891,2.9633,2.7657,2.5891,2.4598
171,752,Europe,Estimates,Sweden,2.2372,2.247,2.3104,2.1701,1.9059,1.6646,1.6435,1.9087,2.006,1.5589,1.6703,1.8905,1.902
172,756,Europe,Estimates,Switzerland,2.3101,2.3912,2.5972,2.3551,1.8714,1.5388,1.539,1.547,1.539,1.484,1.4079,1.4692,1.5258
173,760,Asia,Estimates,Syrian Arab Republic,7.227,7.3755,7.5385,7.5598,7.5426,7.3164,6.767,5.873,4.8041,4.3,3.8,3.35,3.1
174,158,Asia,Estimates,"China, Taiwan Province of China",6.72,6.1383,5.3458,4.3842,3.3308,2.7417,2.2325,1.7675,1.7583,1.6675,1.325,1.0508,1.1058
175,762,Asia,Estimates,Tajikistan,5.4,6.199,6.8,7.0,6.834,5.897,5.6,5.5,4.877,4.29,3.6,3.5,3.5
176,834,Africa,Estimates,United Republic of Tanzania,6.74,6.801,6.8,6.79,6.75,6.73,6.55,6.36,6.05,5.75,5.66,5.579,5.2395
177,764,Asia,Estimates,Thailand,6.1378,6.1378,6.1297,5.985,5.052,3.915,2.945,2.3,1.9921,1.7668,1.6026,1.5563,1.5346
178,626,Asia,Estimates,Timor-Leste,6.441,6.353,6.371,6.156,5.535,4.305,5.39,5.209,5.685,7.005,6.955,6.53,5.9124
179,768,Africa,Estimates,Togo,6.3344,6.4217,6.6518,6.937,7.1986,7.2768,7.0567,6.6222,6.0195,5.5448,5.3064,5.0358,4.6895
180,776,Oceania,Estimates,Tonga,7.3,7.3,7.3,6.5,5.5,5.5,5.5,4.7363,4.615,4.2912,4.2278,4.0342,3.7886
181,780,Americas,Estimates,Trinidad and Tobago,5.3,5.3,5.04,3.81,3.45,3.24,3.28,2.75,2.18,1.82,1.75,1.8,1.7959
182,788,Africa,Estimates,Tunisia,6.65,6.85,6.99,6.92,6.385,5.65,4.82,4.0019,2.98,2.3435,2.04,2.0239,2.2521
183,792,Asia,Estimates,Turkey,6.6859,6.4959,6.2022,5.7996,5.3931,4.6948,4.1106,3.3874,2.8982,2.6477,2.3735,2.2018,2.121
184,795,Asia,Estimates,Turkmenistan,5.3,6.2,6.8,6.56,6.187,5.6,4.79,4.55,4.03,3.03,2.755,2.65,3.0
185,800,Africa,Estimates,Uganda,6.9,6.95,7.05,7.12,7.1,7.1,7.1,7.1,7.063,6.946,6.745,6.38,5.9126
186,804,Europe,Estimates,Ukraine,2.81,2.7,2.1346,2.0204,2.0789,1.9798,2.004,1.95,1.6208,1.2404,1.1455,1.3828,1.4889
187,784,Asia,Estimates,United Arab Emirates,6.97,6.97,6.87,6.77,6.45,5.75,5.3,4.9,3.925,2.97,2.4,1.97,1.82
188,826,Europe,Estimates,United Kingdom,2.18,2.49,2.81,2.57,2.01,1.73,1.775,1.835,1.775,1.735,1.655,1.8738,1.8781
189,840,Americas,Estimates,United States of America,3.311,3.5821,3.2336,2.5434,2.0294,1.7718,1.8044,1.9146,2.0297,1.9965,2.042,2.05,1.8765
190,858,Americas,Estimates,Uruguay,2.73,2.83,2.9,2.8,3.0,2.89,2.57,2.53,2.49,2.3,2.2,2.12,2.04
191,860,Asia,Estimates,Uzbekistan,5.3,5.9,6.5,6.4,6.1561,5.4649,4.8,4.4001,3.95,3.1,2.5126,2.49,2.38
192,548,Oceania,Estimates,Vanuatu,7.6,7.35,7.0,6.46,6.11,5.75,5.4,5.04,4.83,4.59,4.11,3.63,3.4113
193,862,Americas,Estimates,Venezuela (Bolivarian Republic of),6.4585,6.4585,6.657,5.9045,4.941,4.4685,3.957,3.6485,3.25,2.9415,2.723,2.547,2.4047
194,704,Asia,Estimates,Viet Nam,5.3986,6.1636,6.4182,6.4649,6.3285,5.4993,4.6002,3.8497,3.2272,2.2493,1.9206,1.9279,1.9624
195,850,Americas,Estimates,United States Virgin Islands,5.2509,5.4926,5.6723,5.5225,4.6577,3.4884,2.9711,3.0216,2.7945,2.1936,2.1397,2.4359,2.3
196,732,Africa,Estimates,Western Sahara,6.342,6.424,6.534,6.6,6.5732,6.234,5.3321,4.6,4.0,3.4,2.85,2.55,2.6
197,887,Asia,Estimates,Yemen,7.35,7.4,7.6,7.8,7.9,8.6,8.8,8.8,8.2,6.8,5.9,5.0,4.4
198,894,Africa,Estimates,Zambia,6.7,6.95,7.25,7.3,7.4,7.25,6.9,6.6,6.3,6.1,5.95,5.6,5.2
199,716,Africa,Estimates,Zimbabwe,6.8,7.0,7.3,7.4,7.4,7.3,6.74,5.656,4.773,4.2,4.0,4.0,4.0
